{"cameraMode":{"drawMode":0,"name":"Shaded","section":"Shading Mode"},"sceneLighting":false,"audioPlay":false,"sceneViewState":{"showFog":true,"showMaterialUpdate":false,"showSkybox":true,"showFlares":true,"showImageEffects":true,"showParticleSystems":true},"in2DMode":false,"pivot":{"x":-0.5899999737739563,"y":2.440000057220459,"z":3.9100000858306886},"rotation":{"x":-0.006061438005417585,"y":0.9939167499542236,"z":-0.08099378645420075,"w":-0.07438324391841889},"size":2.027186393737793,"orthographic":false}