{"cameraMode":{"drawMode":0,"name":"Shaded","section":"Shading Mode"},"sceneLighting":false,"audioPlay":false,"sceneViewState":{"showFog":true,"showMaterialUpdate":false,"showSkybox":true,"showFlares":true,"showImageEffects":true,"showParticleSystems":true},"in2DMode":false,"pivot":{"x":12.025045394897461,"y":3.002575635910034,"z":-16.154983520507814},"rotation":{"x":0.00782846100628376,"y":0.9910193681716919,"z":-0.11528554558753967,"w":0.06729511171579361},"size":2.904310941696167,"orthographic":false}